code,val,time_ms
TM_S_AUTH,51777,3.2360624999999996
TM_S_CPY_DRIVERS,11366,0.710375
TM_S_FLASH_NONCE,20409,1.2755625
TM_S_GEN_IV,451,0.0281875
TM_S_SPI,245883,15.367687499999999
TM_S_PAGE_WIPE,274,0.017124999999999998
