code,val,time_ms
TM_R_AUTH,52077,3.2548125
TM_R_CPY_DRIVERS,11325,0.7078125
TM_R_DECRYPT_KEY,2697,0.1685625
TM_R_FLASH_NONCE,586,0.036625000000000005
TM_R_PAGE_WIPE,274,0.017124999999999998
TM_R_SPI,200677,12.5423125
