code,val,time_ms
TM_S_AUTH,103745,6.4840625
TM_S_CPY_DRIVERS,11366,0.710375
TM_S_FLASH_NONCE,20408,1.2754999999999999
TM_S_GEN_IV,451,0.0281875
TM_S_SPI,245884,15.36775
TM_S_PAGE_WIPE,274,0.017124999999999998
